{"__symbolic":"module","version":4,"metadata":{"ChartsModule":{"__symbolic":"class","decorators":[{"__symbolic":"call","expression":{"__symbolic":"reference","module":"@angular/core","name":"NgModule","line":3,"character":1},"arguments":[{"declarations":[{"__symbolic":"reference","name":"BaseChartDirective"}],"imports":[],"exports":[{"__symbolic":"reference","name":"BaseChartDirective"}]}]}],"members":{}},"SingleDataSet":{"__symbolic":"interface"},"MultiDataSet":{"__symbolic":"interface"},"SingleOrMultiDataSet":{"__symbolic":"interface"},"PluginServiceGlobalRegistrationAndOptions":{"__symbolic":"interface"},"SingleLineLabel":{"__symbolic":"interface"},"MultiLineLabel":{"__symbolic":"interface"},"Label":{"__symbolic":"interface"},"BaseChartDirective":{"__symbolic":"class","decorators":[{"__symbolic":"call","expression":{"__symbolic":"reference","module":"@angular/core","name":"Directive","line":63,"character":1},"arguments":[{"selector":"canvas[baseChart]","exportAs":"base-chart"}]}],"members":{"data":[{"__symbolic":"property","decorators":[{"__symbolic":"call","expression":{"__symbolic":"reference","module":"@angular/core","name":"Input","line":69,"character":3}}]}],"datasets":[{"__symbolic":"property","decorators":[{"__symbolic":"call","expression":{"__symbolic":"reference","module":"@angular/core","name":"Input","line":70,"character":3}}]}],"labels":[{"__symbolic":"property","decorators":[{"__symbolic":"call","expression":{"__symbolic":"reference","module":"@angular/core","name":"Input","line":71,"character":3}}]}],"options":[{"__symbolic":"property","decorators":[{"__symbolic":"call","expression":{"__symbolic":"reference","module":"@angular/core","name":"Input","line":72,"character":3}}]}],"chartType":[{"__symbolic":"property","decorators":[{"__symbolic":"call","expression":{"__symbolic":"reference","module":"@angular/core","name":"Input","line":73,"character":3}}]}],"colors":[{"__symbolic":"property","decorators":[{"__symbolic":"call","expression":{"__symbolic":"reference","module":"@angular/core","name":"Input","line":74,"character":3}}]}],"legend":[{"__symbolic":"property","decorators":[{"__symbolic":"call","expression":{"__symbolic":"reference","module":"@angular/core","name":"Input","line":75,"character":3}}]}],"plugins":[{"__symbolic":"property","decorators":[{"__symbolic":"call","expression":{"__symbolic":"reference","module":"@angular/core","name":"Input","line":76,"character":3}}]}],"chartClick":[{"__symbolic":"property","decorators":[{"__symbolic":"call","expression":{"__symbolic":"reference","module":"@angular/core","name":"Output","line":78,"character":3}}]}],"chartHover":[{"__symbolic":"property","decorators":[{"__symbolic":"call","expression":{"__symbolic":"reference","module":"@angular/core","name":"Output","line":79,"character":3}}]}],"__ctor__":[{"__symbolic":"constructor","parameters":[{"__symbolic":"reference","module":"@angular/core","name":"ElementRef","line":113,"character":21},{"__symbolic":"reference","name":"ThemeService"}]}],"ngOnInit":[{"__symbolic":"method"}],"themeChanged":[{"__symbolic":"method"}],"ngDoCheck":[{"__symbolic":"method"}],"copyLabel":[{"__symbolic":"method"}],"labelsEqual":[{"__symbolic":"method"}],"copyColor":[{"__symbolic":"method"}],"colorsEqual":[{"__symbolic":"method"}],"updateColors":[{"__symbolic":"method"}],"ngOnChanges":[{"__symbolic":"method"}],"ngOnDestroy":[{"__symbolic":"method"}],"update":[{"__symbolic":"method"}],"hideDataset":[{"__symbolic":"method"}],"isDatasetHidden":[{"__symbolic":"method"}],"toBase64Image":[{"__symbolic":"method"}],"getChartConfiguration":[{"__symbolic":"method"}],"getChartBuilder":[{"__symbolic":"method"}],"smartMerge":[{"__symbolic":"method"}],"isMultiLineLabel":[{"__symbolic":"method"}],"joinLabel":[{"__symbolic":"method"}],"propagateDatasetsToData":[{"__symbolic":"method"}],"propagateDataToDatasets":[{"__symbolic":"method"}],"isMultiDataSet":[{"__symbolic":"method"}],"getDatasets":[{"__symbolic":"method"}],"refresh":[{"__symbolic":"method"}]}},"Color":{"__symbolic":"interface"},"Colors":{"__symbolic":"interface"},"defaultColors":[[255,99,132],[54,162,235],[255,206,86],[231,233,237],[75,192,192],[151,187,205],[220,220,220],[247,70,74],[70,191,189],[253,180,92],[148,159,177],[77,83,96]],"ThemeService":{"__symbolic":"class","decorators":[{"__symbolic":"call","expression":{"__symbolic":"reference","module":"@angular/core","name":"Injectable","line":4,"character":1},"arguments":[{"providedIn":"root"}]}],"members":{"__ctor__":[{"__symbolic":"constructor"}],"setColorschemesOptions":[{"__symbolic":"method"}],"getColorschemesOptions":[{"__symbolic":"method"}]},"statics":{"ɵprov":{}}},"monkeyPatchChartJsLegend":{"__symbolic":"function"},"monkeyPatchChartJsTooltip":{"__symbolic":"function"}},"origins":{"ChartsModule":"./lib/charts.module","SingleDataSet":"./lib/base-chart.directive","MultiDataSet":"./lib/base-chart.directive","SingleOrMultiDataSet":"./lib/base-chart.directive","PluginServiceGlobalRegistrationAndOptions":"./lib/base-chart.directive","SingleLineLabel":"./lib/base-chart.directive","MultiLineLabel":"./lib/base-chart.directive","Label":"./lib/base-chart.directive","BaseChartDirective":"./lib/base-chart.directive","Color":"./lib/color","Colors":"./lib/colors","defaultColors":"./lib/default-colors","ThemeService":"./lib/theme.service","monkeyPatchChartJsLegend":"./lib/monkey-patch-chart-js-legend","monkeyPatchChartJsTooltip":"./lib/monkey-patch-chart-js-tooltip"},"importAs":"ng2-charts"}